{
  "k": 10,
  "raw_fingerprint_pca_knn_overlap": 0.030533333333333336,
  "latent_embedding_pca_knn_overlap": 0.03071111111111111,
  "improvement": 0.00017777777777777323
}